Cliente;Nome
10123456;ALFA ENERGIA LTDA
12984567;NITROGAS S.A.
22907871;TERMOTEC LTDA
27076301;BAHIA POWER S.A.
27094491;TRANSLOG LTDA
30597291;SANTISTA ENERGIA S/A
33000168;ENERBRAS S.A.
33004012;JV TECNOLOGIA 4012
33004013;JV TECNOLOGIA 4013
33004016;JV TECNOLOGIA 4016
33004021;JV TECNOLOGIA 4021
33004026;JV TECNOLOGIA 4026
33004029;JV TECNOLOGIA 4029
33004035;JV TECNOLOGIA 4035
33004039;JV TECNOLOGIA 4039
33004042;JV TECNOLOGIA 4042
33004048;JV TECNOLOGIA 4048
33004052;JV TECNOLOGIA 4052
33004066;JV TECNOLOGIA 4066
33004077;JV TECNOLOGIA 4077
33004088;JV TECNOLOGIA 4088
33004111;JV TECNOLOGIA 4111
33004121;JV TECNOLOGIA 4121
33004131;JV TECNOLOGIA 4131
33004141;JV TECNOLOGIA 4141
33004151;JV TECNOLOGIA 4151
33004201;JV TECNOLOGIA 4201
33004211;JV TECNOLOGIA 4211
33004221;JV TECNOLOGIA 4221
33004231;JV TECNOLOGIA 4231
33004241;JV TECNOLOGIA 4241
33004301;JV TECNOLOGIA 4301
33004311;JV TECNOLOGIA 4311
33004321;JV TECNOLOGIA 4321
33004401;JV TECNOLOGIA 4401
33004411;JV TECNOLOGIA 4411
33004421;JV TECNOLOGIA 4421
33004501;JV TECNOLOGIA 4501
33004571;JV TECNOLOGIA 4571
33004601;JV TECNOLOGIA 4601
33004701;JV TECNOLOGIA 4701
33004711;JV TECNOLOGIA 4711
33004721;JV TECNOLOGIA 4721
33004731;JV TECNOLOGIA 4731
33004801;JV TECNOLOGIA 4801
33004901;JV TECNOLOGIA 4901
35348569;TRANSBEL LOGÍSTICA
35385721;ENP GAS E ENERGIA
39427633;ASSOCIAÇÃO DE SAÚDE
42076401;BLOG ENERGIA
43218297;COQUEBRAS LTDA
53708581;NECTRON S.A.

